b10e76e68afdb57a14e10b08188d47e855e93bd1,update!!!!!!,!!!!!updatefdさhjklfdさ
7e474678eebc20112ac81257322cf7e2bd618e24,update!!!!!!,!!!!!update
5624a27a63e4d789d2edba76ad5763e9d9fa7f54,update!!!!!!,!!!!!update
c1b9a8d4d53ffc631c10dfd3fd85f4de125a7f92,hoge title2,hoge body2
644b0aaf91a224e271f325e8f4392dfc88fc4e1f,update!!!!!!,!!!!!update
e69b9e2822be7a7e7446515a2c53bf438137808e,hoge title1,hoge body1
4858dc31c0df67c8f4c93c312f7698cbb89b7633,update!!!!!!,!!!!!update
d467710c5f51ee09e12547f5757225b94aeb8d81,hoge title1,hoge body1
3af58d3a7121abed22bc07f331355b6f7aa3bf7c,これすげ,マジすげ
cef4f7a0f0461de80294da8d236b29ec04058e2e,これすげ,マジすげ
